
{
  "$schema": "http://json-schema.org/draft-04/schema#",
  "type": "object",
  "properties": {
    "airline": {
      "type": "object",
      "properties": {
        "airline_id": {
          "type": "integer"
        },
        "name": {
          "type": "string"
        },
        "alias": {
          "type": "string"
        },
        "iata": {
          "type": "string"
        },
        "icao": {
          "type": "string"
        },
        "callsign": {
          "type": "string"
        },
        "country": {
          "type": "string"
        },
        "active": {
          "type": "boolean"
        }
      },
      "required": [
        "airline_id",
        "name",
        "alias",
        "iata",
        "icao",
        "callsign",
        "country",
        "active"
      ]
    },
    "src_airport": {
      "type": "object",
      "properties": {
        "airport_id": {
          "type": "integer"
        },
        "name": {
          "type": "string"
        },
        "city": {
          "type": "string"
        },
        "country": {
          "type": "string"
        },
        "iata": {
          "type": "string"
        },
        "icao": {
          "type": "string"
        },
        "latitude": {
          "type": "number"
        },
        "longitude": {
          "type": "number"
        },
        "altitude": {
          "type": "integer"
        },
        "timezone": {
          "type": "number"
        },
        "dst": {
          "type": "string"
        },
        "tz_id": {
          "type": "string"
        },
        "type": {
          "type": "string"
        },
        "source": {
          "type": "string"
        }
      },
      "required": [
        "airport_id",
        "name",
        "city",
        "country",
        "iata",
        "icao",
        "latitude",
        "longitude",
        "altitude",
        "timezone",
        "dst",
        "tz_id",
        "type",
        "source"
      ]
    },
    "dst_airport": {
      "type": "object",
      "properties": {
        "airport_id": {
          "type": "integer"
        },
        "name": {
          "type": "string"
        },
        "city": {
          "type": "string"
        },
        "country": {
          "type": "string"
        },
        "iata": {
          "type": "string"
        },
        "icao": {
          "type": "string"
        },
        "latitude": {
          "type": "number"
        },
        "longitude": {
          "type": "number"
        },
        "altitude": {
          "type": "integer"
        },
        "timezone": {
          "type": "number"
        },
        "dst": {
          "type": "string"
        },
        "tz_id": {
          "type": "string"
        },
        "type": {
          "type": "string"
        },
        "source": {
          "type": "string"
        }
      },
      "required": [
        "airport_id",
        "name",
        "city",
        "country",
        "iata",
        "icao",
        "latitude",
        "longitude",
        "altitude",
        "timezone",
        "dst",
        "tz_id",
        "type",
        "source"
      ]
    },
    "codeshare": {
      "type": "boolean"
    },
    "equipment": {
      "type": "array",
      "items": [
        {
          "type": "string"
        }
      ]
    }
  },
  "required": [
    "airline",
    "src_airport",
    "dst_airport",
    "codeshare",
    "equipment"
  ]
}
