{
  "type" : "object",
  "properties" : {
    "airline" : {
      "type" : "object",
        "airline_id": {
          "type": "number"
        },
        "name": {
          "type": "string"
        },
        "alias": {
          "type": "string"
        },
        "iata": {
          "type": "string"
        },
        "icao": {
          "type": "string"
        },
        "callsign": {
          "type": "string"
        },
        "country": {
          "type": "string"
        },
        "active": {
          "type": "boolean"
        }
      }
    },
    "src_airport" : {
      "type" : ["object", "null"],
      "properties" : {
       "airline_id": {
          "type": "number"
        },
        "name": {
          "type": "string"
        },
        "city": {
          "type": "string"
        },
        "country": {
          "type": "string"
        },
        "iata": {
          "type": "string"
        },
        "icao": {
          "type": "string"
        },
        "latitude": {
          "type": "number",
          "minimum": -90,
          "maximum": 90
        },
        "longitude": {
          "type": "number",
          "minimum": -180,
          "maximum": 180
        },
        "altitude": {
          "type": "number"
        },
        "timezone": {
          "type": "number"
        },
        "dst": {
          "type": "string"
        },
        "tz_id": {
          "type": "string"
        },
        "type": {
          "type": "string"
        },
        "source": {
          "type": "string"
        }
      },
      "required": ["airline_id","name","city","country","iata","icao","latitude","longitude","altitude","timezone","dst","tz_id","type","source"]
    },
    "dst_airport" : {
      "type": [
        "object",
        "null"
      ],
      "properties": {
        "airport_id": {
          "type": "number"
        },
        "name": {
          "type": "string"
        },
        "city": {
          "type": "string"
        },
        "country": {
          "type": "string"
        },
        "iata": {
          "type": "string"
        },
        "icao": {
          "type": "string"
        },
        "latitude": {
          "type": "number",
          "minimum": -90,
          "maximum": 90
        },
        "longitude": {
          "type": "number",
          "minimum": -180,
          "maximum": 180
        },
        "altitude": {
          "type": "number"
        },
        "timezone": {
          "type": "number"
        },
        "dst": {
          "type": "string"
        },
        "tz_id": {
          "type": "string"
        },
        "type": {
          "type": [
            "string",
            "null"
          ]
        },
      "source": {
        "type": "string"
      }
    },
      "required": ["airline_id","name","city","country","iata","icao","latitude","longitude","altitude","timezone","dst","tz_id","type","source","type"]
    },
    "codeshare": {
        "type" : "object",
        "type": "boolean"
        },
      "type" : "object",
      "equipment":
        {
          "type": "array"
        }

        }