[
  {
    "0":"dyer",
    "1":[
      {
        "person_id":"dyer",
        "personal_name":"William",
        "family_name":"Dyer",
        "visit_id":619,
        "quantity":"rad",
        "reading":9.82,
        "site_id":"DR-1",
        "visit_date":"1927-02-08",
        "latitude":-49.85,
        "longitude":-128.57
      },
      {
        "person_id":"dyer",
        "personal_name":"William",
        "family_name":"Dyer",
        "visit_id":619,
        "quantity":"sal",
        "reading":0.13,
        "site_id":"DR-1",
        "visit_date":"1927-02-08",
        "latitude":-49.85,
        "longitude":-128.57
      },
      {
        "person_id":"dyer",
        "personal_name":"William",
        "family_name":"Dyer",
        "visit_id":622,
        "quantity":"rad",
        "reading":7.8,
        "site_id":"DR-1",
        "visit_date":"1927-02-10",
        "latitude":-49.85,
        "longitude":-128.57
      },
      {
        "person_id":"dyer",
        "personal_name":"William",
        "family_name":"Dyer",
        "visit_id":622,
        "quantity":"sal",
        "reading":0.09,
        "site_id":"DR-1",
        "visit_date":"1927-02-10",
        "latitude":-49.85,
        "longitude":-128.57
      }
    ]
  },
  {
    "0":"lake",
    "1":[
      {
        "person_id":"lake",
        "personal_name":"Anderson",
        "family_name":"Lake",
        "visit_id":734,
        "quantity":"sal",
        "reading":0.05,
        "site_id":"DR-3",
        "visit_date":"1930-01-07",
        "latitude":-47.15,
        "longitude":-126.72
      },
      {
        "person_id":"lake",
        "personal_name":"Anderson",
        "family_name":"Lake",
        "visit_id":752,
        "quantity":"rad",
        "reading":2.19,
        "site_id":"DR-3",
        "visit_date":null,
        "latitude":-47.15,
        "longitude":-126.72
      },
      {
        "person_id":"lake",
        "personal_name":"Anderson",
        "family_name":"Lake",
        "visit_id":752,
        "quantity":"sal",
        "reading":0.09,
        "site_id":"DR-3",
        "visit_date":null,
        "latitude":-47.15,
        "longitude":-126.72
      },
      {
        "person_id":"lake",
        "personal_name":"Anderson",
        "family_name":"Lake",
        "visit_id":752,
        "quantity":"temp",
        "reading":-16.0,
        "site_id":"DR-3",
        "visit_date":null,
        "latitude":-47.15,
        "longitude":-126.72
      },
      {
        "person_id":"lake",
        "personal_name":"Anderson",
        "family_name":"Lake",
        "visit_id":837,
        "quantity":"rad",
        "reading":1.46,
        "site_id":"MSK-4",
        "visit_date":"1932-01-14",
        "latitude":-48.87,
        "longitude":-123.4
      },
      {
        "person_id":"lake",
        "personal_name":"Anderson",
        "family_name":"Lake",
        "visit_id":837,
        "quantity":"sal",
        "reading":0.21,
        "site_id":"MSK-4",
        "visit_date":"1932-01-14",
        "latitude":-48.87,
        "longitude":-123.4
      }
    ]
  },
  {
    "0":"pb",
    "1":[
      {
        "person_id":"pb",
        "personal_name":"Frank",
        "family_name":"Pabodie",
        "visit_id":734,
        "quantity":"rad",
        "reading":8.41,
        "site_id":"DR-3",
        "visit_date":"1930-01-07",
        "latitude":-47.15,
        "longitude":-126.72
      },
      {
        "person_id":"pb",
        "personal_name":"Frank",
        "family_name":"Pabodie",
        "visit_id":734,
        "quantity":"temp",
        "reading":-21.5,
        "site_id":"DR-3",
        "visit_date":"1930-01-07",
        "latitude":-47.15,
        "longitude":-126.72
      },
      {
        "person_id":"pb",
        "personal_name":"Frank",
        "family_name":"Pabodie",
        "visit_id":735,
        "quantity":"rad",
        "reading":7.22,
        "site_id":"DR-3",
        "visit_date":"1930-01-12",
        "latitude":-47.15,
        "longitude":-126.72
      },
      {
        "person_id":"pb",
        "personal_name":"Frank",
        "family_name":"Pabodie",
        "visit_id":735,
        "quantity":"sal",
        "reading":0.06,
        "site_id":"DR-3",
        "visit_date":"1930-01-12",
        "latitude":-47.15,
        "longitude":-126.72
      },
      {
        "person_id":"pb",
        "personal_name":"Frank",
        "family_name":"Pabodie",
        "visit_id":735,
        "quantity":"temp",
        "reading":-26.0,
        "site_id":"DR-3",
        "visit_date":"1930-01-12",
        "latitude":-47.15,
        "longitude":-126.72
      },
      {
        "person_id":"pb",
        "personal_name":"Frank",
        "family_name":"Pabodie",
        "visit_id":751,
        "quantity":"rad",
        "reading":4.35,
        "site_id":"DR-3",
        "visit_date":"1930-02-26",
        "latitude":-47.15,
        "longitude":-126.72
      },
      {
        "person_id":"pb",
        "personal_name":"Frank",
        "family_name":"Pabodie",
        "visit_id":751,
        "quantity":"temp",
        "reading":-18.5,
        "site_id":"DR-3",
        "visit_date":"1930-02-26",
        "latitude":-47.15,
        "longitude":-126.72
      }
    ]
  },
  {
    "0":"roe",
    "1":[
      {
        "person_id":"roe",
        "personal_name":"Valentina",
        "family_name":"Roerich",
        "visit_id":844,
        "quantity":"rad",
        "reading":11.25,
        "site_id":"DR-1",
        "visit_date":"1932-03-22",
        "latitude":-49.85,
        "longitude":-128.57
      },
      {
        "person_id":"roe",
        "personal_name":"Valentina",
        "family_name":"Roerich",
        "visit_id":752,
        "quantity":"sal",
        "reading":41.6,
        "site_id":"DR-3",
        "visit_date":null,
        "latitude":-47.15,
        "longitude":-126.72
      },
      {
        "person_id":"roe",
        "personal_name":"Valentina",
        "family_name":"Roerich",
        "visit_id":837,
        "quantity":"sal",
        "reading":22.5,
        "site_id":"MSK-4",
        "visit_date":"1932-01-14",
        "latitude":-48.87,
        "longitude":-123.4
      }
    ]
  }
]